[
  { "id": "00", "path": "ic_cat_home.png", "name": "CAT_HOME" },
  { "id": "01", "path": "ic_cat_settings.png", "name": "CAT_SETTINGS" },
  { "id": "02", "path": "ic_cat_picture.png", "name": "CAT_PICTURE" },
  { "id": "03", "path": "ic_cat_music.png", "name": "CAT_MUSIC" },
  { "id": "04", "path": "ic_cat_video.png", "name": "CAT_VIDEO" },
  { "id": "05", "path": "ic_cat_game.png", "name": "CAT_GAME" },
  { "id": "06", "path": "ic_cat_network.png", "name": "CAT_NETWORK" },
  { "id": "07", "path": "ic_set_game.png", "name": "SET_GAME" },
  { "id": "08", "path": "ic_set_system.png", "name": "SET_SYSTEM" },
  { "id": "09", "path": "ic_set_theme.png", "name": "SET_THEME" },
  { "id": "10", "path": "ic_set_time.png", "name": "SET_TIME" },
  { "id": "11", "path": "ic_set_display.png", "name": "SET_DISPLAY" },
  { "id": "12", "path": "ic_set_parentalctrl.png", "name": "SET_PARENTALCTRL" },
  { "id": "13", "path": "ic_game_mctools.png", "name": "GAME_MCTOOLS" },
  { "id": "14", "path": "ic_game_folder.png", "name": "GAME_FOLDER" },
  { "id": "15", "path": "ic_set_cfg.png", "name": "SET_CFG" },
  { "id": "16", "path": "ic_x_mc1.png", "name": "MC1" },
  { "id": "17", "path": "ic_x_mc2.png", "name": "MC2" },
  { "id": "18", "path": "ic_x_folder.png", "name": "FOLDER" },
  { "id": "19", "path": "ic_x_poweroff.png", "name": "POWEROFF" },
  { "id": "20", "path": "ic_x_reload.png", "name": "RELOAD" },
  { "id": "21", "path": "ic_x_usbdrive.png", "name": "USBDRIVE" },
  { "id": "22", "path": "ic_x_user.png", "name": "USER" },
  { "id": "23", "path": "ic_x_help.png", "name": "HELP" },
  { "id": "24", "path": "ic_x_file.png", "name": "FILE" },
  { "id": "25", "path": "ic_game_ps1.png", "name": "DISC_PS1" },
  { "id": "26", "path": "ic_game_ps2.png", "name": "DISC_PS2" },
  { "id": "27", "path": "ic_x_tool.png", "name": "TOOL" },
  { "id": "28", "path": "ic_set_net.png", "name": "SET_NET" },
  { "id": "29", "path": "ic_x_mass.png", "name": "MASS" },
  { "id": "30", "path": "ic_x_osd.png", "name": "OSD" },
  { "id": "31", "path": "ic_net_package.png", "name": "NET_PACKAGE" }
]
